<?xml version="1.0" encoding="UTF-8"?>
<!DOCTYPE mapper
  PUBLIC "-//mybatis.org//DTD Mapper 3.0//EN"
  "https://mybatis.org/dtd/mybatis-3-mapper.dtd">
  
  <mapper namespace="WishlistDAO">
  	<insert id="insertWishlist">
  		insert into wishlist(WId, PNo) <!-- 속성 = # {값}  -->
  		values((select NVL(MAX(WId),0)+1 from wishlist), #{PNo})<!-- #을 사용하는 이유 보안에 좋기때문이다. -->
  	</insert>
  <!--<select id="getBoardWishlist" resultType="wishlist"> 
  		select * from board order by seq desc
  	</select>
  	
  	<select id="getWish" resultType="wishlist"> 
  		select * from board where seq=#{seq}
  	</select>
  	
 
  	<update id="updateWishlist">
  		update board set title=#{title}, content=#{content} where seq=#{seq}
  	</update>
  	  -->	
  	
  	<delete id="deleteWishlist">
  		delete wishlist where WId=#{WId}
  	</delete>
  </mapper>